<?xml version="1.0" encoding="UTF-8"?>
<!DOCTYPE suite SYSTEM "https://testng.org/testng-1.0.dtd">
<suite name="Suite" thread-count="5">
	 
	 <listeners>
	 	<listener class-name="utilities.ExtentReportManager" />
	 </listeners>
	  
	  <test thread-count="5" name="ChromeTest">
	  <parameter name="os" value="WINDOW" />
	  <parameter name="browser" value="chrome" />
	  	<groups>
	  		<run>
	  			<include name="sanity" />
	  		</run>
	  	</groups>
	  
	    <classes>
	      <class name="testCases.TC_005_Tooltips"/>
	    </classes>
	  </test>

</suite> <!-- Suite -->
