<?xml version="1.0" encoding="UTF-8"?>
<!DOCTYPE suite SYSTEM "https://testng.org/testng-1.0.dtd">
<suite name="Suite" thread-count="2"  parallel="tests" >
 <listeners>
 	 	<listener class-name="utilities.ExtentReportManager" />
 </listeners>
	 <test name="ChromeTest">
	 <parameter name="os" value="WINDOW" />
	 <parameter name="browser" value="chrome" />
	    <classes>
	      <class name="testCases.TC_005_Tooltips"/>
	    </classes>
	 </test> 
	  
	 <test name="EdgeTest">
	 <parameter name="os" value="WINDOW" />
	 <parameter name="browser" value="edge" />
	    <classes>
	      <class name="testCases.TC_005_Tooltips"/>
	    </classes>
	  </test>

</suite> <!-- Suite -->

